[{"model": "admin.logentry", "pk": 1, "fields": {"action_time": "2020-08-13T07:19:27.374Z", "user": 1, "content_type": 3, "object_id": "1", "object_repr": "patient", "action_flag": 1, "change_message": "[{\"added\": {}}]"}}, {"model": "admin.logentry", "pk": 2, "fields": {"action_time": "2020-08-13T07:19:34.942Z", "user": 1, "content_type": 3, "object_id": "2", "object_repr": "doctor", "action_flag": 1, "change_message": "[{\"added\": {}}]"}}, {"model": "admin.logentry", "pk": 3, "fields": {"action_time": "2020-08-13T07:19:45.853Z", "user": 1, "content_type": 3, "object_id": "3", "object_repr": "clinic_admin", "action_flag": 1, "change_message": "[{\"added\": {}}]"}}, {"model": "admin.logentry", "pk": 4, "fields": {"action_time": "2020-08-13T07:19:58.780Z", "user": 1, "content_type": 3, "object_id": "4", "object_repr": "business_admin", "action_flag": 1, "change_message": "[{\"added\": {}}]"}}, {"model": "admin.logentry", "pk": 5, "fields": {"action_time": "2020-08-13T09:38:33.681Z", "user": 1, "content_type": 4, "object_id": "2", "object_repr": "vermatikkusg", "action_flag": 3, "change_message": ""}}, {"model": "admin.logentry", "pk": 6, "fields": {"action_time": "2020-08-13T09:44:22.757Z", "user": 1, "content_type": 4, "object_id": "3", "object_repr": "vermatikku", "action_flag": 3, "change_message": ""}}, {"model": "admin.logentry", "pk": 7, "fields": {"action_time": "2020-08-13T11:05:18.221Z", "user": 1, "content_type": 4, "object_id": "4", "object_repr": "vermatikku", "action_flag": 3, "change_message": ""}}, {"model": "admin.logentry", "pk": 8, "fields": {"action_time": "2020-08-13T11:13:06.555Z", "user": 1, "content_type": 4, "object_id": "7", "object_repr": "vermatikkusg", "action_flag": 3, "change_message": ""}}, {"model": "admin.logentry", "pk": 9, "fields": {"action_time": "2020-08-13T11:13:12.797Z", "user": 1, "content_type": 4, "object_id": "6", "object_repr": "vematikku", "action_flag": 3, "change_message": ""}}, {"model": "admin.logentry", "pk": 10, "fields": {"action_time": "2020-08-13T11:13:20.978Z", "user": 1, "content_type": 4, "object_id": "5", "object_repr": "h", "action_flag": 3, "change_message": ""}}, {"model": "admin.logentry", "pk": 11, "fields": {"action_time": "2020-08-13T11:14:19.154Z", "user": 1, "content_type": 4, "object_id": "9", "object_repr": "vermatikkusg", "action_flag": 3, "change_message": ""}}, {"model": "admin.logentry", "pk": 12, "fields": {"action_time": "2020-08-13T11:15:21.260Z", "user": 1, "content_type": 4, "object_id": "10", "object_repr": "vermatikkusg", "action_flag": 3, "change_message": ""}}, {"model": "admin.logentry", "pk": 13, "fields": {"action_time": "2020-08-13T11:16:09.571Z", "user": 1, "content_type": 4, "object_id": "11", "object_repr": "vermatikkusg", "action_flag": 3, "change_message": ""}}, {"model": "admin.logentry", "pk": 14, "fields": {"action_time": "2020-08-13T11:18:25.103Z", "user": 1, "content_type": 4, "object_id": "12", "object_repr": "vermatikkusg", "action_flag": 3, "change_message": ""}}, {"model": "admin.logentry", "pk": 15, "fields": {"action_time": "2020-08-13T11:54:34.868Z", "user": 1, "content_type": 4, "object_id": "13", "object_repr": "vermatikkusg", "action_flag": 3, "change_message": ""}}, {"model": "admin.logentry", "pk": 16, "fields": {"action_time": "2020-08-13T11:56:34.762Z", "user": 1, "content_type": 4, "object_id": "14", "object_repr": "vermatikkusg", "action_flag": 3, "change_message": ""}}, {"model": "admin.logentry", "pk": 17, "fields": {"action_time": "2020-08-13T11:58:04.510Z", "user": 1, "content_type": 4, "object_id": "15", "object_repr": "vermatikkusg", "action_flag": 3, "change_message": ""}}, {"model": "admin.logentry", "pk": 18, "fields": {"action_time": "2020-08-13T12:00:30.198Z", "user": 1, "content_type": 4, "object_id": "16", "object_repr": "vermatikkusg", "action_flag": 3, "change_message": ""}}, {"model": "admin.logentry", "pk": 19, "fields": {"action_time": "2020-08-13T18:46:20.670Z", "user": 1, "content_type": 4, "object_id": "17", "object_repr": "vermatikkusg", "action_flag": 3, "change_message": ""}}, {"model": "admin.logentry", "pk": 20, "fields": {"action_time": "2020-08-13T18:49:24.247Z", "user": 1, "content_type": 4, "object_id": "18", "object_repr": "vermatikku", "action_flag": 3, "change_message": ""}}, {"model": "admin.logentry", "pk": 21, "fields": {"action_time": "2020-08-14T14:31:42.780Z", "user": 1, "content_type": 4, "object_id": "20", "object_repr": "gurinder", "action_flag": 1, "change_message": "[{\"added\": {}}]"}}, {"model": "admin.logentry", "pk": 22, "fields": {"action_time": "2020-08-14T14:32:04.223Z", "user": 1, "content_type": 4, "object_id": "21", "object_repr": "taylor", "action_flag": 1, "change_message": "[{\"added\": {}}]"}}, {"model": "admin.logentry", "pk": 23, "fields": {"action_time": "2020-08-14T14:32:25.472Z", "user": 1, "content_type": 4, "object_id": "22", "object_repr": "doc_1", "action_flag": 1, "change_message": "[{\"added\": {}}]"}}, {"model": "admin.logentry", "pk": 24, "fields": {"action_time": "2020-08-14T14:32:56.037Z", "user": 1, "content_type": 4, "object_id": "23", "object_repr": "pat_1", "action_flag": 1, "change_message": "[{\"added\": {}}]"}}, {"model": "admin.logentry", "pk": 25, "fields": {"action_time": "2020-08-14T14:48:41.245Z", "user": 1, "content_type": 7, "object_id": "2", "object_repr": " ", "action_flag": 1, "change_message": "[{\"added\": {}}]"}}, {"model": "admin.logentry", "pk": 26, "fields": {"action_time": "2020-08-14T14:49:03.536Z", "user": 1, "content_type": 4, "object_id": "20", "object_repr": "gurinder", "action_flag": 2, "change_message": "[{\"changed\": {\"fields\": [\"First name\", \"Last name\"]}}]"}}, {"model": "admin.logentry", "pk": 27, "fields": {"action_time": "2020-08-14T14:49:24.171Z", "user": 1, "content_type": 8, "object_id": "1", "object_repr": "expressionsdental", "action_flag": 1, "change_message": "[{\"added\": {}}]"}}, {"model": "admin.logentry", "pk": 28, "fields": {"action_time": "2020-08-14T14:49:50.191Z", "user": 1, "content_type": 9, "object_id": "1", "object_repr": "medical form", "action_flag": 1, "change_message": "[{\"added\": {}}]"}}, {"model": "admin.logentry", "pk": 29, "fields": {"action_time": "2020-08-14T14:50:07.379Z", "user": 1, "content_type": 10, "object_id": "1", "object_repr": " ", "action_flag": 1, "change_message": "[{\"added\": {}}]"}}, {"model": "admin.logentry", "pk": 30, "fields": {"action_time": "2020-08-14T14:50:25.088Z", "user": 1, "content_type": 4, "object_id": "21", "object_repr": "taylor", "action_flag": 2, "change_message": "[{\"changed\": {\"fields\": [\"First name\"]}}]"}}, {"model": "admin.logentry", "pk": 31, "fields": {"action_time": "2020-08-18T12:18:44.064Z", "user": 1, "content_type": 9, "object_id": "1", "object_repr": "Expression Dental", "action_flag": 2, "change_message": "[{\"changed\": {\"fields\": [\"Name\"]}}]"}}, {"model": "admin.logentry", "pk": 32, "fields": {"action_time": "2020-08-18T12:30:57.125Z", "user": 1, "content_type": 20, "object_id": "1", "object_repr": "Medical History", "action_flag": 1, "change_message": "[{\"added\": {}}]"}}, {"model": "admin.logentry", "pk": 33, "fields": {"action_time": "2020-08-18T12:31:30.178Z", "user": 1, "content_type": 20, "object_id": "2", "object_repr": "Insurance Form", "action_flag": 1, "change_message": "[{\"added\": {}}]"}}, {"model": "admin.logentry", "pk": 34, "fields": {"action_time": "2020-08-18T12:31:50.367Z", "user": 1, "content_type": 20, "object_id": "3", "object_repr": "botox form", "action_flag": 1, "change_message": "[{\"added\": {}}]"}}, {"model": "admin.logentry", "pk": 35, "fields": {"action_time": "2020-08-18T12:37:44.386Z", "user": 1, "content_type": 21, "object_id": "1", "object_repr": "name", "action_flag": 1, "change_message": "[{\"added\": {}}]"}}, {"model": "admin.logentry", "pk": 36, "fields": {"action_time": "2020-08-18T12:38:35.657Z", "user": 1, "content_type": 21, "object_id": "2", "object_repr": "date_of_birth", "action_flag": 1, "change_message": "[{\"added\": {}}]"}}, {"model": "admin.logentry", "pk": 37, "fields": {"action_time": "2020-08-18T12:39:35.099Z", "user": 1, "content_type": 21, "object_id": "3", "object_repr": "gender", "action_flag": 1, "change_message": "[{\"added\": {}}]"}}, {"model": "admin.logentry", "pk": 38, "fields": {"action_time": "2020-08-18T12:40:33.872Z", "user": 1, "content_type": 21, "object_id": "4", "object_repr": "address", "action_flag": 1, "change_message": "[{\"added\": {}}]"}}, {"model": "admin.logentry", "pk": 39, "fields": {"action_time": "2020-08-18T12:41:16.477Z", "user": 1, "content_type": 21, "object_id": "5", "object_repr": "Insurance Number", "action_flag": 1, "change_message": "[{\"added\": {}}]"}}, {"model": "admin.logentry", "pk": 40, "fields": {"action_time": "2020-08-20T02:21:01.727Z", "user": 1, "content_type": 20, "object_id": "1", "object_repr": "Medical History", "action_flag": 2, "change_message": "[{\"changed\": {\"fields\": [\"Form path\"]}}]"}}, {"model": "admin.logentry", "pk": 41, "fields": {"action_time": "2020-08-20T12:07:10.250Z", "user": 1, "content_type": 4, "object_id": "26", "object_repr": "sdskverma@gmail.com", "action_flag": 3, "change_message": ""}}, {"model": "admin.logentry", "pk": 42, "fields": {"action_time": "2020-08-20T12:18:45.855Z", "user": 1, "content_type": 4, "object_id": "29", "object_repr": "sdskverma1@gmail.com", "action_flag": 3, "change_message": ""}}, {"model": "admin.logentry", "pk": 43, "fields": {"action_time": "2020-08-20T12:18:54.924Z", "user": 1, "content_type": 4, "object_id": "27", "object_repr": "sdskverma@gmail.com", "action_flag": 3, "change_message": ""}}, {"model": "admin.logentry", "pk": 44, "fields": {"action_time": "2020-08-20T13:31:15.513Z", "user": 1, "content_type": 4, "object_id": "30", "object_repr": "sdskverma@gmail.com", "action_flag": 3, "change_message": ""}}, {"model": "admin.logentry", "pk": 45, "fields": {"action_time": "2020-08-20T13:32:41.301Z", "user": 1, "content_type": 4, "object_id": "31", "object_repr": "sdskverma@gmail.com", "action_flag": 3, "change_message": ""}}, {"model": "admin.logentry", "pk": 46, "fields": {"action_time": "2020-08-20T13:33:35.414Z", "user": 1, "content_type": 4, "object_id": "25", "object_repr": "vermatikkusg", "action_flag": 3, "change_message": ""}}, {"model": "admin.logentry", "pk": 47, "fields": {"action_time": "2020-08-20T14:46:13.225Z", "user": 1, "content_type": 4, "object_id": "33", "object_repr": "satya.technotricky@gmail.com", "action_flag": 3, "change_message": ""}}, {"model": "admin.logentry", "pk": 48, "fields": {"action_time": "2020-08-20T14:46:18.858Z", "user": 1, "content_type": 4, "object_id": "32", "object_repr": "sdskverma@gmail.com", "action_flag": 3, "change_message": ""}}, {"model": "admin.logentry", "pk": 49, "fields": {"action_time": "2020-08-25T08:31:11.183Z", "user": 1, "content_type": 4, "object_id": "37", "object_repr": "ignousatya2", "action_flag": 2, "change_message": "[{\"changed\": {\"fields\": [\"Username\"]}}]"}}, {"model": "admin.logentry", "pk": 50, "fields": {"action_time": "2020-08-25T08:31:23.948Z", "user": 1, "content_type": 4, "object_id": "35", "object_repr": "vermatikkusg", "action_flag": 2, "change_message": "[{\"changed\": {\"fields\": [\"Username\"]}}]"}}, {"model": "admin.logentry", "pk": 51, "fields": {"action_time": "2020-08-25T09:36:17.264Z", "user": 1, "content_type": 4, "object_id": "21", "object_repr": "taylor", "action_flag": 2, "change_message": "[{\"changed\": {\"fields\": [\"First name\"]}}]"}}, {"model": "admin.logentry", "pk": 52, "fields": {"action_time": "2020-08-25T10:27:14.160Z", "user": 1, "content_type": 21, "object_id": "6", "object_repr": "current_treatment_yn", "action_flag": 1, "change_message": "[{\"added\": {}}]"}}, {"model": "admin.logentry", "pk": 53, "fields": {"action_time": "2020-08-25T10:27:47.942Z", "user": 1, "content_type": 21, "object_id": "7", "object_repr": "current_treatment_explanation", "action_flag": 1, "change_message": "[{\"added\": {}}]"}}, {"model": "admin.logentry", "pk": 54, "fields": {"action_time": "2020-08-25T10:28:16.026Z", "user": 1, "content_type": 22, "object_id": "1", "object_repr": "Medical History - current_treatment_yn", "action_flag": 1, "change_message": "[{\"added\": {}}]"}}, {"model": "admin.logentry", "pk": 55, "fields": {"action_time": "2020-08-25T10:28:26.172Z", "user": 1, "content_type": 22, "object_id": "2", "object_repr": "Medical History - current_treatment_explanation", "action_flag": 1, "change_message": "[{\"added\": {}}]"}}, {"model": "admin.logentry", "pk": 56, "fields": {"action_time": "2020-08-25T10:48:10.823Z", "user": 1, "content_type": 23, "object_id": "2", "object_repr": "Y", "action_flag": 1, "change_message": "[{\"added\": {}}]"}}, {"model": "admin.logentry", "pk": 57, "fields": {"action_time": "2020-08-25T10:48:25.701Z", "user": 1, "content_type": 23, "object_id": "3", "object_repr": "i will not explain", "action_flag": 1, "change_message": "[{\"added\": {}}]"}}, {"model": "admin.logentry", "pk": 58, "fields": {"action_time": "2020-09-02T21:33:34.037Z", "user": 1, "content_type": 4, "object_id": "40", "object_repr": "vermatikkusg1", "action_flag": 3, "change_message": ""}}, {"model": "admin.logentry", "pk": 59, "fields": {"action_time": "2020-09-02T21:33:41.633Z", "user": 1, "content_type": 4, "object_id": "35", "object_repr": "vermatikkusg", "action_flag": 3, "change_message": ""}}, {"model": "admin.logentry", "pk": 60, "fields": {"action_time": "2020-09-02T21:33:53.160Z", "user": 1, "content_type": 4, "object_id": "39", "object_repr": "vermatikkusg@gmail.com", "action_flag": 3, "change_message": ""}}, {"model": "admin.logentry", "pk": 61, "fields": {"action_time": "2020-09-02T21:34:01.800Z", "user": 1, "content_type": 4, "object_id": "19", "object_repr": "vermatikku", "action_flag": 3, "change_message": ""}}, {"model": "admin.logentry", "pk": 62, "fields": {"action_time": "2020-09-02T21:34:08.462Z", "user": 1, "content_type": 4, "object_id": "34", "object_repr": "satya.technotricky@gmail.com", "action_flag": 3, "change_message": ""}}, {"model": "admin.logentry", "pk": 63, "fields": {"action_time": "2020-09-02T21:34:14.953Z", "user": 1, "content_type": 4, "object_id": "36", "object_repr": "ignousatyaindia@gmail.com", "action_flag": 3, "change_message": ""}}, {"model": "admin.logentry", "pk": 64, "fields": {"action_time": "2020-09-02T21:34:23.365Z", "user": 1, "content_type": 4, "object_id": "38", "object_repr": "gurinder.singh.rahal@gmail.com", "action_flag": 3, "change_message": ""}}, {"model": "admin.logentry", "pk": 65, "fields": {"action_time": "2020-09-02T21:34:45.483Z", "user": 1, "content_type": 4, "object_id": "37", "object_repr": "ignousatya2", "action_flag": 3, "change_message": ""}}, {"model": "admin.logentry", "pk": 66, "fields": {"action_time": "2020-09-04T01:26:02.025Z", "user": 1, "content_type": 4, "object_id": "41", "object_repr": "vermatikkusg@gmail.com", "action_flag": 3, "change_message": ""}}, {"model": "admin.logentry", "pk": 67, "fields": {"action_time": "2020-09-09T14:47:49.840Z", "user": 1, "content_type": 4, "object_id": "42", "object_repr": "vermatikkusg@gmail.com", "action_flag": 2, "change_message": "[{\"changed\": {\"fields\": [\"Active\"]}}]"}}, {"model": "admin.logentry", "pk": 68, "fields": {"action_time": "2020-09-09T14:48:25.195Z", "user": 1, "content_type": 4, "object_id": "42", "object_repr": "vermatikkusg@gmail.com", "action_flag": 2, "change_message": "[{\"changed\": {\"fields\": [\"password\"]}}]"}}, {"model": "admin.logentry", "pk": 69, "fields": {"action_time": "2020-09-18T22:32:20.946Z", "user": 1, "content_type": 20, "object_id": "3", "object_repr": "botox form", "action_flag": 3, "change_message": ""}}, {"model": "admin.logentry", "pk": 70, "fields": {"action_time": "2020-09-18T22:32:20.962Z", "user": 1, "content_type": 20, "object_id": "2", "object_repr": "Insurance Form", "action_flag": 3, "change_message": ""}}, {"model": "admin.logentry", "pk": 71, "fields": {"action_time": "2020-09-23T12:11:22.965Z", "user": 1, "content_type": 4, "object_id": "43", "object_repr": "ignousatyaindia@gmail.com", "action_flag": 3, "change_message": ""}}, {"model": "admin.logentry", "pk": 72, "fields": {"action_time": "2020-09-23T12:11:29.610Z", "user": 1, "content_type": 4, "object_id": "44", "object_repr": "satyaprakash@ideatebox.com", "action_flag": 3, "change_message": ""}}, {"model": "admin.logentry", "pk": 73, "fields": {"action_time": "2020-09-23T14:23:58.948Z", "user": 1, "content_type": 9, "object_id": "1", "object_repr": "Expression Dental", "action_flag": 2, "change_message": "[{\"changed\": {\"fields\": [\"Addresses\", \"Clinic description\"]}}]"}}, {"model": "admin.logentry", "pk": 74, "fields": {"action_time": "2020-09-23T16:21:36.103Z", "user": 1, "content_type": 9, "object_id": "1", "object_repr": "Expression Denta2", "action_flag": 2, "change_message": "[{\"changed\": {\"fields\": [\"Name\"]}}]"}}, {"model": "admin.logentry", "pk": 75, "fields": {"action_time": "2020-09-23T16:21:49.554Z", "user": 1, "content_type": 9, "object_id": "1", "object_repr": "Expression Denta", "action_flag": 2, "change_message": "[{\"changed\": {\"fields\": [\"Name\"]}}]"}}, {"model": "admin.logentry", "pk": 76, "fields": {"action_time": "2020-09-23T16:33:01.736Z", "user": 1, "content_type": 4, "object_id": "20", "object_repr": "gurinder", "action_flag": 3, "change_message": ""}}, {"model": "admin.logentry", "pk": 77, "fields": {"action_time": "2020-09-23T16:43:10.871Z", "user": 1, "content_type": 4, "object_id": "49", "object_repr": "business_admin", "action_flag": 1, "change_message": "[{\"added\": {}}]"}}, {"model": "admin.logentry", "pk": 78, "fields": {"action_time": "2020-09-23T16:44:40.822Z", "user": 1, "content_type": 4, "object_id": "49", "object_repr": "business_admin", "action_flag": 2, "change_message": "[{\"changed\": {\"fields\": [\"First name\", \"Last name\", \"Groups\"]}}]"}}, {"model": "admin.logentry", "pk": 79, "fields": {"action_time": "2020-09-23T16:45:39.007Z", "user": 1, "content_type": 7, "object_id": "3", "object_repr": "Business Admin", "action_flag": 1, "change_message": "[{\"added\": {}}]"}}, {"model": "admin.logentry", "pk": 80, "fields": {"action_time": "2020-09-23T16:46:13.375Z", "user": 1, "content_type": 8, "object_id": "2", "object_repr": "Dental", "action_flag": 1, "change_message": "[{\"added\": {}}]"}}, {"model": "admin.logentry", "pk": 81, "fields": {"action_time": "2020-09-23T16:47:07.754Z", "user": 1, "content_type": 9, "object_id": "2", "object_repr": "Expression Dentiest", "action_flag": 1, "change_message": "[{\"added\": {}}]"}}, {"model": "admin.logentry", "pk": 82, "fields": {"action_time": "2020-09-23T16:47:24.908Z", "user": 1, "content_type": 4, "object_id": "49", "object_repr": "business_admin", "action_flag": 2, "change_message": "[{\"changed\": {\"fields\": [\"Email address\"]}}]"}}, {"model": "admin.logentry", "pk": 83, "fields": {"action_time": "2020-09-23T16:47:54.651Z", "user": 1, "content_type": 9, "object_id": "2", "object_repr": "Expression Dental", "action_flag": 2, "change_message": "[{\"changed\": {\"fields\": [\"Name\"]}}]"}}, {"model": "admin.logentry", "pk": 84, "fields": {"action_time": "2020-09-23T16:48:35.426Z", "user": 1, "content_type": 9, "object_id": "2", "object_repr": "Expressions Dental", "action_flag": 2, "change_message": "[{\"changed\": {\"fields\": [\"Name\"]}}]"}}, {"model": "admin.logentry", "pk": 85, "fields": {"action_time": "2020-09-23T16:49:03.224Z", "user": 1, "content_type": 10, "object_id": "2", "object_repr": "taylor ", "action_flag": 1, "change_message": "[{\"added\": {}}]"}}, {"model": "admin.logentry", "pk": 86, "fields": {"action_time": "2020-09-23T16:53:28.570Z", "user": 1, "content_type": 20, "object_id": "4", "object_repr": "Medical History", "action_flag": 1, "change_message": "[{\"added\": {}}]"}}, {"model": "admin.logentry", "pk": 87, "fields": {"action_time": "2020-09-23T16:53:54.180Z", "user": 1, "content_type": 20, "object_id": "4", "object_repr": "Medical History", "action_flag": 2, "change_message": "[{\"changed\": {\"fields\": [\"Form path\"]}}]"}}, {"model": "admin.logentry", "pk": 88, "fields": {"action_time": "2020-09-23T16:54:34.258Z", "user": 1, "content_type": 20, "object_id": "5", "object_repr": "Botox Form", "action_flag": 1, "change_message": "[{\"added\": {}}]"}}, {"model": "admin.logentry", "pk": 89, "fields": {"action_time": "2020-09-23T16:54:57.321Z", "user": 1, "content_type": 20, "object_id": "6", "object_repr": "Insurance Form", "action_flag": 1, "change_message": "[{\"added\": {}}]"}}, {"model": "admin.logentry", "pk": 90, "fields": {"action_time": "2020-09-24T12:52:05.236Z", "user": 1, "content_type": 3, "object_id": "5", "object_repr": "assistant", "action_flag": 1, "change_message": "[{\"added\": {}}]"}}, {"model": "admin.logentry", "pk": 91, "fields": {"action_time": "2020-09-24T12:52:27.156Z", "user": 1, "content_type": 3, "object_id": "6", "object_repr": "receptionist", "action_flag": 1, "change_message": "[{\"added\": {}}]"}}, {"model": "admin.logentry", "pk": 92, "fields": {"action_time": "2020-09-24T23:39:23.276Z", "user": 1, "content_type": 4, "object_id": "52", "object_repr": "d_assistant", "action_flag": 1, "change_message": "[{\"added\": {}}]"}}, {"model": "admin.logentry", "pk": 93, "fields": {"action_time": "2020-09-24T23:40:25.321Z", "user": 1, "content_type": 4, "object_id": "53", "object_repr": "d_receptionist", "action_flag": 1, "change_message": "[{\"added\": {}}]"}}, {"model": "admin.logentry", "pk": 94, "fields": {"action_time": "2020-09-24T23:40:38.571Z", "user": 1, "content_type": 4, "object_id": "53", "object_repr": "d_receptionist", "action_flag": 2, "change_message": "[]"}}, {"model": "admin.logentry", "pk": 95, "fields": {"action_time": "2020-09-24T23:41:10.307Z", "user": 1, "content_type": 25, "object_id": "1", "object_repr": "d_assistant", "action_flag": 1, "change_message": "[{\"added\": {}}]"}}, {"model": "admin.logentry", "pk": 96, "fields": {"action_time": "2020-09-24T23:41:34.849Z", "user": 1, "content_type": 26, "object_id": "1", "object_repr": "d_receptionist", "action_flag": 1, "change_message": "[{\"added\": {}}]"}}, {"model": "admin.logentry", "pk": 97, "fields": {"action_time": "2020-09-25T00:31:53.443Z", "user": 1, "content_type": 4, "object_id": "54", "object_repr": "v.e.rmatikkusg@gmail.com", "action_flag": 3, "change_message": ""}}, {"model": "admin.logentry", "pk": 98, "fields": {"action_time": "2020-09-25T00:33:28.574Z", "user": 1, "content_type": 4, "object_id": "55", "object_repr": "v.e.rmatikkusg@gmail.com", "action_flag": 3, "change_message": ""}}, {"model": "admin.logentry", "pk": 99, "fields": {"action_time": "2020-09-25T00:34:42.647Z", "user": 1, "content_type": 4, "object_id": "56", "object_repr": "v.e.rmatikkusg@gmail.com", "action_flag": 3, "change_message": ""}}, {"model": "admin.logentry", "pk": 100, "fields": {"action_time": "2020-09-25T00:39:13.967Z", "user": 1, "content_type": 4, "object_id": "57", "object_repr": "v.e.rmatikkusg@gmail.com", "action_flag": 3, "change_message": ""}}, {"model": "admin.logentry", "pk": 101, "fields": {"action_time": "2020-09-25T00:41:33.940Z", "user": 1, "content_type": 4, "object_id": "58", "object_repr": "v.e.rmatikkusg@gmail.com", "action_flag": 3, "change_message": ""}}, {"model": "admin.logentry", "pk": 102, "fields": {"action_time": "2020-09-25T02:17:41.041Z", "user": 1, "content_type": 4, "object_id": "59", "object_repr": "v.e.rmatikkusg@gmail.com", "action_flag": 2, "change_message": "[{\"changed\": {\"fields\": [\"Active\"]}}]"}}, {"model": "admin.logentry", "pk": 103, "fields": {"action_time": "2020-09-25T13:27:01.928Z", "user": 1, "content_type": 4, "object_id": "52", "object_repr": "d_assistant", "action_flag": 2, "change_message": "[{\"changed\": {\"fields\": [\"password\"]}}]"}}, {"model": "admin.logentry", "pk": 104, "fields": {"action_time": "2020-09-25T13:27:14.043Z", "user": 1, "content_type": 4, "object_id": "52", "object_repr": "d_assistant", "action_flag": 2, "change_message": "[{\"changed\": {\"fields\": [\"Active\"]}}]"}}, {"model": "admin.logentry", "pk": 105, "fields": {"action_time": "2020-09-25T13:27:48.301Z", "user": 1, "content_type": 4, "object_id": "53", "object_repr": "d_receptionist", "action_flag": 2, "change_message": "[{\"changed\": {\"fields\": [\"Active\"]}}]"}}, {"model": "admin.logentry", "pk": 106, "fields": {"action_time": "2020-09-25T13:28:04.152Z", "user": 1, "content_type": 4, "object_id": "53", "object_repr": "d_receptionist", "action_flag": 2, "change_message": "[{\"changed\": {\"fields\": [\"password\"]}}]"}}, {"model": "admin.logentry", "pk": 107, "fields": {"action_time": "2020-09-25T13:52:43.402Z", "user": 1, "content_type": 26, "object_id": "1", "object_repr": "d_receptionist", "action_flag": 2, "change_message": "[{\"changed\": {\"fields\": [\"White list ip\"]}}]"}}, {"model": "admin.logentry", "pk": 108, "fields": {"action_time": "2020-09-25T13:53:24.041Z", "user": 1, "content_type": 26, "object_id": "1", "object_repr": "d_receptionist", "action_flag": 2, "change_message": "[{\"changed\": {\"fields\": [\"White list ip\"]}}]"}}, {"model": "admin.logentry", "pk": 109, "fields": {"action_time": "2020-09-25T14:19:45.176Z", "user": 1, "content_type": 25, "object_id": "1", "object_repr": "d_assistant", "action_flag": 2, "change_message": "[{\"changed\": {\"fields\": [\"White list ip\"]}}]"}}, {"model": "admin.logentry", "pk": 110, "fields": {"action_time": "2020-09-25T14:20:55.605Z", "user": 1, "content_type": 25, "object_id": "1", "object_repr": "d_assistant", "action_flag": 2, "change_message": "[{\"changed\": {\"fields\": [\"White list ip\"]}}]"}}, {"model": "admin.logentry", "pk": 111, "fields": {"action_time": "2020-09-25T14:25:43.111Z", "user": 1, "content_type": 25, "object_id": "1", "object_repr": "d_assistant", "action_flag": 2, "change_message": "[{\"changed\": {\"fields\": [\"White list ip\"]}}]"}}, {"model": "admin.logentry", "pk": 112, "fields": {"action_time": "2020-09-25T15:37:37.323Z", "user": 1, "content_type": 25, "object_id": "4", "object_repr": "s.atyaprakash@ideatebox.com", "action_flag": 2, "change_message": "[{\"changed\": {\"fields\": [\"White list ip\"]}}]"}}, {"model": "admin.logentry", "pk": 113, "fields": {"action_time": "2020-12-28T10:09:46.881Z", "user": 1, "content_type": 4, "object_id": "49", "object_repr": "business_admin", "action_flag": 2, "change_message": "[{\"changed\": {\"fields\": [\"password\"]}}]"}}, {"model": "auth.permission", "pk": 1, "fields": {"name": "Can add log entry", "content_type": 1, "codename": "add_logentry"}}, {"model": "auth.permission", "pk": 2, "fields": {"name": "Can change log entry", "content_type": 1, "codename": "change_logentry"}}, {"model": "auth.permission", "pk": 3, "fields": {"name": "Can delete log entry", "content_type": 1, "codename": "delete_logentry"}}, {"model": "auth.permission", "pk": 4, "fields": {"name": "Can view log entry", "content_type": 1, "codename": "view_logentry"}}, {"model": "auth.permission", "pk": 5, "fields": {"name": "Can add permission", "content_type": 2, "codename": "add_permission"}}, {"model": "auth.permission", "pk": 6, "fields": {"name": "Can change permission", "content_type": 2, "codename": "change_permission"}}, {"model": "auth.permission", "pk": 7, "fields": {"name": "Can delete permission", "content_type": 2, "codename": "delete_permission"}}, {"model": "auth.permission", "pk": 8, "fields": {"name": "Can view permission", "content_type": 2, "codename": "view_permission"}}, {"model": "auth.permission", "pk": 9, "fields": {"name": "Can add group", "content_type": 3, "codename": "add_group"}}, {"model": "auth.permission", "pk": 10, "fields": {"name": "Can change group", "content_type": 3, "codename": "change_group"}}, {"model": "auth.permission", "pk": 11, "fields": {"name": "Can delete group", "content_type": 3, "codename": "delete_group"}}, {"model": "auth.permission", "pk": 12, "fields": {"name": "Can view group", "content_type": 3, "codename": "view_group"}}, {"model": "auth.permission", "pk": 13, "fields": {"name": "Can add user", "content_type": 4, "codename": "add_user"}}, {"model": "auth.permission", "pk": 14, "fields": {"name": "Can change user", "content_type": 4, "codename": "change_user"}}, {"model": "auth.permission", "pk": 15, "fields": {"name": "Can delete user", "content_type": 4, "codename": "delete_user"}}, {"model": "auth.permission", "pk": 16, "fields": {"name": "Can view user", "content_type": 4, "codename": "view_user"}}, {"model": "auth.permission", "pk": 17, "fields": {"name": "Can add content type", "content_type": 5, "codename": "add_contenttype"}}, {"model": "auth.permission", "pk": 18, "fields": {"name": "Can change content type", "content_type": 5, "codename": "change_contenttype"}}, {"model": "auth.permission", "pk": 19, "fields": {"name": "Can delete content type", "content_type": 5, "codename": "delete_contenttype"}}, {"model": "auth.permission", "pk": 20, "fields": {"name": "Can view content type", "content_type": 5, "codename": "view_contenttype"}}, {"model": "auth.permission", "pk": 21, "fields": {"name": "Can add session", "content_type": 6, "codename": "add_session"}}, {"model": "auth.permission", "pk": 22, "fields": {"name": "Can change session", "content_type": 6, "codename": "change_session"}}, {"model": "auth.permission", "pk": 23, "fields": {"name": "Can delete session", "content_type": 6, "codename": "delete_session"}}, {"model": "auth.permission", "pk": 24, "fields": {"name": "Can view session", "content_type": 6, "codename": "view_session"}}, {"model": "auth.permission", "pk": 25, "fields": {"name": "Can add business admin", "content_type": 7, "codename": "add_businessadmin"}}, {"model": "auth.permission", "pk": 26, "fields": {"name": "Can change business admin", "content_type": 7, "codename": "change_businessadmin"}}, {"model": "auth.permission", "pk": 27, "fields": {"name": "Can delete business admin", "content_type": 7, "codename": "delete_businessadmin"}}, {"model": "auth.permission", "pk": 28, "fields": {"name": "Can view business admin", "content_type": 7, "codename": "view_businessadmin"}}, {"model": "auth.permission", "pk": 29, "fields": {"name": "Can add business profile", "content_type": 8, "codename": "add_businessprofile"}}, {"model": "auth.permission", "pk": 30, "fields": {"name": "Can change business profile", "content_type": 8, "codename": "change_businessprofile"}}, {"model": "auth.permission", "pk": 31, "fields": {"name": "Can delete business profile", "content_type": 8, "codename": "delete_businessprofile"}}, {"model": "auth.permission", "pk": 32, "fields": {"name": "Can view business profile", "content_type": 8, "codename": "view_businessprofile"}}, {"model": "auth.permission", "pk": 33, "fields": {"name": "Can add clinic profile", "content_type": 9, "codename": "add_clinicprofile"}}, {"model": "auth.permission", "pk": 34, "fields": {"name": "Can change clinic profile", "content_type": 9, "codename": "change_clinicprofile"}}, {"model": "auth.permission", "pk": 35, "fields": {"name": "Can delete clinic profile", "content_type": 9, "codename": "delete_clinicprofile"}}, {"model": "auth.permission", "pk": 36, "fields": {"name": "Can view clinic profile", "content_type": 9, "codename": "view_clinicprofile"}}, {"model": "auth.permission", "pk": 37, "fields": {"name": "Can add clinic admin", "content_type": 10, "codename": "add_clinicadmin"}}, {"model": "auth.permission", "pk": 38, "fields": {"name": "Can change clinic admin", "content_type": 10, "codename": "change_clinicadmin"}}, {"model": "auth.permission", "pk": 39, "fields": {"name": "Can delete clinic admin", "content_type": 10, "codename": "delete_clinicadmin"}}, {"model": "auth.permission", "pk": 40, "fields": {"name": "Can view clinic admin", "content_type": 10, "codename": "view_clinicadmin"}}, {"model": "auth.permission", "pk": 41, "fields": {"name": "Can add doctor clinic relation", "content_type": 11, "codename": "add_doctorclinicrelation"}}, {"model": "auth.permission", "pk": 42, "fields": {"name": "Can change doctor clinic relation", "content_type": 11, "codename": "change_doctorclinicrelation"}}, {"model": "auth.permission", "pk": 43, "fields": {"name": "Can delete doctor clinic relation", "content_type": 11, "codename": "delete_doctorclinicrelation"}}, {"model": "auth.permission", "pk": 44, "fields": {"name": "Can view doctor clinic relation", "content_type": 11, "codename": "view_doctorclinicrelation"}}, {"model": "auth.permission", "pk": 45, "fields": {"name": "Can add doctor occupation", "content_type": 12, "codename": "add_doctoroccupation"}}, {"model": "auth.permission", "pk": 46, "fields": {"name": "Can change doctor occupation", "content_type": 12, "codename": "change_doctoroccupation"}}, {"model": "auth.permission", "pk": 47, "fields": {"name": "Can delete doctor occupation", "content_type": 12, "codename": "delete_doctoroccupation"}}, {"model": "auth.permission", "pk": 48, "fields": {"name": "Can view doctor occupation", "content_type": 12, "codename": "view_doctoroccupation"}}, {"model": "auth.permission", "pk": 49, "fields": {"name": "Can add doctor occupation relation", "content_type": 13, "codename": "add_doctoroccupationrelation"}}, {"model": "auth.permission", "pk": 50, "fields": {"name": "Can change doctor occupation relation", "content_type": 13, "codename": "change_doctoroccupationrelation"}}, {"model": "auth.permission", "pk": 51, "fields": {"name": "Can delete doctor occupation relation", "content_type": 13, "codename": "delete_doctoroccupationrelation"}}, {"model": "auth.permission", "pk": 52, "fields": {"name": "Can view doctor occupation relation", "content_type": 13, "codename": "view_doctoroccupationrelation"}}, {"model": "auth.permission", "pk": 53, "fields": {"name": "Can add doctor profile", "content_type": 14, "codename": "add_doctorprofile"}}, {"model": "auth.permission", "pk": 54, "fields": {"name": "Can change doctor profile", "content_type": 14, "codename": "change_doctorprofile"}}, {"model": "auth.permission", "pk": 55, "fields": {"name": "Can delete doctor profile", "content_type": 14, "codename": "delete_doctorprofile"}}, {"model": "auth.permission", "pk": 56, "fields": {"name": "Can view doctor profile", "content_type": 14, "codename": "view_doctorprofile"}}, {"model": "auth.permission", "pk": 57, "fields": {"name": "Can add doctor qualification", "content_type": 15, "codename": "add_doctorqualification"}}, {"model": "auth.permission", "pk": 58, "fields": {"name": "Can change doctor qualification", "content_type": 15, "codename": "change_doctorqualification"}}, {"model": "auth.permission", "pk": 59, "fields": {"name": "Can delete doctor qualification", "content_type": 15, "codename": "delete_doctorqualification"}}, {"model": "auth.permission", "pk": 60, "fields": {"name": "Can view doctor qualification", "content_type": 15, "codename": "view_doctorqualification"}}, {"model": "auth.permission", "pk": 61, "fields": {"name": "Can add doctor qualification relation", "content_type": 16, "codename": "add_doctorqualificationrelation"}}, {"model": "auth.permission", "pk": 62, "fields": {"name": "Can change doctor qualification relation", "content_type": 16, "codename": "change_doctorqualificationrelation"}}, {"model": "auth.permission", "pk": 63, "fields": {"name": "Can delete doctor qualification relation", "content_type": 16, "codename": "delete_doctorqualificationrelation"}}, {"model": "auth.permission", "pk": 64, "fields": {"name": "Can view doctor qualification relation", "content_type": 16, "codename": "view_doctorqualificationrelation"}}, {"model": "auth.permission", "pk": 65, "fields": {"name": "Can add patient profile", "content_type": 17, "codename": "add_patientprofile"}}, {"model": "auth.permission", "pk": 66, "fields": {"name": "Can change patient profile", "content_type": 17, "codename": "change_patientprofile"}}, {"model": "auth.permission", "pk": 67, "fields": {"name": "Can delete patient profile", "content_type": 17, "codename": "delete_patientprofile"}}, {"model": "auth.permission", "pk": 68, "fields": {"name": "Can view patient profile", "content_type": 17, "codename": "view_patientprofile"}}, {"model": "auth.permission", "pk": 69, "fields": {"name": "Can add patient doctor relation", "content_type": 18, "codename": "add_patientdoctorrelation"}}, {"model": "auth.permission", "pk": 70, "fields": {"name": "Can change patient doctor relation", "content_type": 18, "codename": "change_patientdoctorrelation"}}, {"model": "auth.permission", "pk": 71, "fields": {"name": "Can delete patient doctor relation", "content_type": 18, "codename": "delete_patientdoctorrelation"}}, {"model": "auth.permission", "pk": 72, "fields": {"name": "Can view patient doctor relation", "content_type": 18, "codename": "view_patientdoctorrelation"}}, {"model": "auth.permission", "pk": 73, "fields": {"name": "Can add patient clinic relation", "content_type": 19, "codename": "add_patientclinicrelation"}}, {"model": "auth.permission", "pk": 74, "fields": {"name": "Can change patient clinic relation", "content_type": 19, "codename": "change_patientclinicrelation"}}, {"model": "auth.permission", "pk": 75, "fields": {"name": "Can delete patient clinic relation", "content_type": 19, "codename": "delete_patientclinicrelation"}}, {"model": "auth.permission", "pk": 76, "fields": {"name": "Can view patient clinic relation", "content_type": 19, "codename": "view_patientclinicrelation"}}, {"model": "auth.permission", "pk": 77, "fields": {"name": "Can add medical form", "content_type": 20, "codename": "add_medicalform"}}, {"model": "auth.permission", "pk": 78, "fields": {"name": "Can change medical form", "content_type": 20, "codename": "change_medicalform"}}, {"model": "auth.permission", "pk": 79, "fields": {"name": "Can delete medical form", "content_type": 20, "codename": "delete_medicalform"}}, {"model": "auth.permission", "pk": 80, "fields": {"name": "Can view medical form", "content_type": 20, "codename": "view_medicalform"}}, {"model": "auth.permission", "pk": 81, "fields": {"name": "Can add medical form attribute", "content_type": 21, "codename": "add_medicalformattribute"}}, {"model": "auth.permission", "pk": 82, "fields": {"name": "Can change medical form attribute", "content_type": 21, "codename": "change_medicalformattribute"}}, {"model": "auth.permission", "pk": 83, "fields": {"name": "Can delete medical form attribute", "content_type": 21, "codename": "delete_medicalformattribute"}}, {"model": "auth.permission", "pk": 84, "fields": {"name": "Can view medical form attribute", "content_type": 21, "codename": "view_medicalformattribute"}}, {"model": "auth.permission", "pk": 85, "fields": {"name": "Can add medical form and attribute relation", "content_type": 22, "codename": "add_medicalformandattributerelation"}}, {"model": "auth.permission", "pk": 86, "fields": {"name": "Can change medical form and attribute relation", "content_type": 22, "codename": "change_medicalformandattributerelation"}}, {"model": "auth.permission", "pk": 87, "fields": {"name": "Can delete medical form and attribute relation", "content_type": 22, "codename": "delete_medicalformandattributerelation"}}, {"model": "auth.permission", "pk": 88, "fields": {"name": "Can view medical form and attribute relation", "content_type": 22, "codename": "view_medicalformandattributerelation"}}, {"model": "auth.permission", "pk": 89, "fields": {"name": "Can add medical form attribute filled", "content_type": 23, "codename": "add_medicalformattributefilled"}}, {"model": "auth.permission", "pk": 90, "fields": {"name": "Can change medical form attribute filled", "content_type": 23, "codename": "change_medicalformattributefilled"}}, {"model": "auth.permission", "pk": 91, "fields": {"name": "Can delete medical form attribute filled", "content_type": 23, "codename": "delete_medicalformattributefilled"}}, {"model": "auth.permission", "pk": 92, "fields": {"name": "Can view medical form attribute filled", "content_type": 23, "codename": "view_medicalformattributefilled"}}, {"model": "auth.permission", "pk": 93, "fields": {"name": "Can add medical form auth", "content_type": 24, "codename": "add_medicalformauth"}}, {"model": "auth.permission", "pk": 94, "fields": {"name": "Can change medical form auth", "content_type": 24, "codename": "change_medicalformauth"}}, {"model": "auth.permission", "pk": 95, "fields": {"name": "Can delete medical form auth", "content_type": 24, "codename": "delete_medicalformauth"}}, {"model": "auth.permission", "pk": 96, "fields": {"name": "Can view medical form auth", "content_type": 24, "codename": "view_medicalformauth"}}, {"model": "auth.permission", "pk": 97, "fields": {"name": "Can add assistant profile", "content_type": 25, "codename": "add_assistantprofile"}}, {"model": "auth.permission", "pk": 98, "fields": {"name": "Can change assistant profile", "content_type": 25, "codename": "change_assistantprofile"}}, {"model": "auth.permission", "pk": 99, "fields": {"name": "Can delete assistant profile", "content_type": 25, "codename": "delete_assistantprofile"}}, {"model": "auth.permission", "pk": 100, "fields": {"name": "Can view assistant profile", "content_type": 25, "codename": "view_assistantprofile"}}, {"model": "auth.permission", "pk": 101, "fields": {"name": "Can add receptionist profile", "content_type": 26, "codename": "add_receptionistprofile"}}, {"model": "auth.permission", "pk": 102, "fields": {"name": "Can change receptionist profile", "content_type": 26, "codename": "change_receptionistprofile"}}, {"model": "auth.permission", "pk": 103, "fields": {"name": "Can delete receptionist profile", "content_type": 26, "codename": "delete_receptionistprofile"}}, {"model": "auth.permission", "pk": 104, "fields": {"name": "Can view receptionist profile", "content_type": 26, "codename": "view_receptionistprofile"}}, {"model": "auth.permission", "pk": 105, "fields": {"name": "Can add association", "content_type": 27, "codename": "add_association"}}, {"model": "auth.permission", "pk": 106, "fields": {"name": "Can change association", "content_type": 27, "codename": "change_association"}}, {"model": "auth.permission", "pk": 107, "fields": {"name": "Can delete association", "content_type": 27, "codename": "delete_association"}}, {"model": "auth.permission", "pk": 108, "fields": {"name": "Can view association", "content_type": 27, "codename": "view_association"}}, {"model": "auth.permission", "pk": 109, "fields": {"name": "Can add code", "content_type": 28, "codename": "add_code"}}, {"model": "auth.permission", "pk": 110, "fields": {"name": "Can change code", "content_type": 28, "codename": "change_code"}}, {"model": "auth.permission", "pk": 111, "fields": {"name": "Can delete code", "content_type": 28, "codename": "delete_code"}}, {"model": "auth.permission", "pk": 112, "fields": {"name": "Can view code", "content_type": 28, "codename": "view_code"}}, {"model": "auth.permission", "pk": 113, "fields": {"name": "Can add nonce", "content_type": 29, "codename": "add_nonce"}}, {"model": "auth.permission", "pk": 114, "fields": {"name": "Can change nonce", "content_type": 29, "codename": "change_nonce"}}, {"model": "auth.permission", "pk": 115, "fields": {"name": "Can delete nonce", "content_type": 29, "codename": "delete_nonce"}}, {"model": "auth.permission", "pk": 116, "fields": {"name": "Can view nonce", "content_type": 29, "codename": "view_nonce"}}, {"model": "auth.permission", "pk": 117, "fields": {"name": "Can add user social auth", "content_type": 30, "codename": "add_usersocialauth"}}, {"model": "auth.permission", "pk": 118, "fields": {"name": "Can change user social auth", "content_type": 30, "codename": "change_usersocialauth"}}, {"model": "auth.permission", "pk": 119, "fields": {"name": "Can delete user social auth", "content_type": 30, "codename": "delete_usersocialauth"}}, {"model": "auth.permission", "pk": 120, "fields": {"name": "Can view user social auth", "content_type": 30, "codename": "view_usersocialauth"}}, {"model": "auth.permission", "pk": 121, "fields": {"name": "Can add partial", "content_type": 31, "codename": "add_partial"}}, {"model": "auth.permission", "pk": 122, "fields": {"name": "Can change partial", "content_type": 31, "codename": "change_partial"}}, {"model": "auth.permission", "pk": 123, "fields": {"name": "Can delete partial", "content_type": 31, "codename": "delete_partial"}}, {"model": "auth.permission", "pk": 124, "fields": {"name": "Can view partial", "content_type": 31, "codename": "view_partial"}}, {"model": "auth.group", "pk": 1, "fields": {"name": "patients", "permissions": []}}, {"model": "auth.group", "pk": 2, "fields": {"name": "doctors", "permissions": []}}, {"model": "auth.group", "pk": 3, "fields": {"name": "clinic_admin", "permissions": []}}, {"model": "auth.group", "pk": 4, "fields": {"name": "business_admin", "permissions": []}}, {"model": "auth.group", "pk": 5, "fields": {"name": "assistant", "permissions": []}}, {"model": "auth.group", "pk": 6, "fields": {"name": "receptionist", "permissions": []}}, {"model": "auth.user", "pk": 1, "fields": {"password": "pbkdf2_sha256$216000$taNhZYLfoMUN$JH5OpFkzz8a238trccIwFbgi0lzMeZ5BjNy6GUvKezw=", "last_login": "2020-12-28T09:49:33.074Z", "is_superuser": true, "username": "ideateadmin", "first_name": "", "last_name": "", "email": "contact@ideatebox.com", "is_staff": true, "is_active": true, "date_joined": "2020-08-13T07:03:45.121Z", "groups": [], "user_permissions": []}}, {"model": "auth.user", "pk": 21, "fields": {"password": "pbkdf2_sha256$216000$CGJwtbXJPkti$n41fq7IDgDJ2M0twtCf1TY+ZGHIGEWuoBsHg/kf9vNA=", "last_login": "2020-12-28T10:13:45.860Z", "is_superuser": false, "username": "taylor", "first_name": "taylor", "last_name": "", "email": "", "is_staff": false, "is_active": true, "date_joined": "2020-08-14T14:32:04Z", "groups": [3], "user_permissions": []}}, {"model": "auth.user", "pk": 22, "fields": {"password": "pbkdf2_sha256$216000$FslZh5fHMVdU$48314JtFfzzMwnNOouRCBNv9Sg7jDomEJOp0fTS3gPI=", "last_login": null, "is_superuser": false, "username": "doc_1", "first_name": "", "last_name": "", "email": "", "is_staff": false, "is_active": true, "date_joined": "2020-08-14T14:32:25.348Z", "groups": [], "user_permissions": []}}, {"model": "auth.user", "pk": 23, "fields": {"password": "pbkdf2_sha256$216000$ueDGblfwoSpE$8nbq8JCPDrSA4zXbwm6RHI3y2uagnzeWS5NdvXqaNI0=", "last_login": "2020-09-09T14:46:37.055Z", "is_superuser": false, "username": "pat_1", "first_name": "", "last_name": "", "email": "", "is_staff": false, "is_active": true, "date_joined": "2020-08-14T14:32:55.909Z", "groups": [], "user_permissions": []}}, {"model": "auth.user", "pk": 42, "fields": {"password": "pbkdf2_sha256$216000$p1DDEhDwWDyI$C+WsxUgFF2TLcuJdxJSuZFstXrS1XRGUcuJo8aSrfws=", "last_login": "2020-10-31T01:18:45.376Z", "is_superuser": false, "username": "vermatikkusg@gmail.com", "first_name": "satya", "last_name": "prakash", "email": "vermatikkusg@gmail.com", "is_staff": false, "is_active": true, "date_joined": "2020-09-04T01:30:21Z", "groups": [1], "user_permissions": []}}, {"model": "auth.user", "pk": 45, "fields": {"password": "pbkdf2_sha256$216000$DwyEYtl4DJG4$u9vzRghZK8t3lh9zztABsIorGjW408EyivuINIs5OqQ=", "last_login": null, "is_superuser": false, "username": "ignousatyaindia@gmail.com", "first_name": "Satya", "last_name": "Prakash", "email": "ignousatyaindia@gmail.com", "is_staff": false, "is_active": false, "date_joined": "2020-09-23T12:11:55.670Z", "groups": [2], "user_permissions": []}}, {"model": "auth.user", "pk": 46, "fields": {"password": "pbkdf2_sha256$216000$NbHZW9FF2Qtt$2TQuDmqXrcite2x+XEN4gUopD/VmSzKgFJjMGapzIiY=", "last_login": null, "is_superuser": false, "username": "satyaprakash@ideatebox.com", "first_name": "Another", "last_name": "Doctor", "email": "satyaprakash@ideatebox.com", "is_staff": false, "is_active": false, "date_joined": "2020-09-23T13:42:37.685Z", "groups": [2], "user_permissions": []}}, {"model": "auth.user", "pk": 47, "fields": {"password": "pbkdf2_sha256$216000$6EHGCi4bf7Va$tUfEqKEXHJVIrrvN678/OyNEJ/ySImZp2scEuNID8rI=", "last_login": null, "is_superuser": false, "username": "vermatikku.sg@gmail.com", "first_name": "temp", "last_name": "doctor", "email": "vermatikku.sg@gmail.com", "is_staff": false, "is_active": false, "date_joined": "2020-09-23T13:43:32.085Z", "groups": [2], "user_permissions": []}}, {"model": "auth.user", "pk": 48, "fields": {"password": "pbkdf2_sha256$216000$a0ZKx6m9EhHw$ygh9NdpNx6UbKRLdrC+NALIAqP3DD5XMbSkbHS1wc28=", "last_login": null, "is_superuser": false, "username": "verma.ti.kkusg@gmail.com", "first_name": "dummy", "last_name": "patient", "email": "verma.ti.kkusg@gmail.com", "is_staff": false, "is_active": false, "date_joined": "2020-09-23T16:30:59.443Z", "groups": [1], "user_permissions": []}}, {"model": "auth.user", "pk": 49, "fields": {"password": "pbkdf2_sha256$216000$2eLPZL9yXndk$cNUe4CngwEGMV11mUv6QuK0VWTMK+CJvzsbpB+U0CpU=", "last_login": "2020-12-28T10:10:08.040Z", "is_superuser": false, "username": "business_admin", "first_name": "Business", "last_name": "Admin", "email": "test@expressiondental.ca", "is_staff": false, "is_active": true, "date_joined": "2020-09-23T16:43:10Z", "groups": [4], "user_permissions": []}}, {"model": "auth.user", "pk": 50, "fields": {"password": "pbkdf2_sha256$216000$Rk853UmLIMEV$Q6EmBTZhtbqLAT7QB70Pukv1MVS8D28ugymqUiCOFKk=", "last_login": null, "is_superuser": false, "username": "garry@expressionsdental.ca", "first_name": "Gurinder", "last_name": "Singh", "email": "garry@expressionsdental.ca", "is_staff": false, "is_active": false, "date_joined": "2020-09-23T16:59:17.968Z", "groups": [1], "user_permissions": []}}, {"model": "auth.user", "pk": 51, "fields": {"password": "pbkdf2_sha256$216000$xg3rMt9nmA6C$CRXlojfXmGaXn1zmTg+kW4VjYVDdydOFn/B7AHVcp9k=", "last_login": null, "is_superuser": false, "username": "ignou.satyaindia@gmail.com", "first_name": "Satya", "last_name": "P.", "email": "ignou.satyaindia@gmail.com", "is_staff": false, "is_active": false, "date_joined": "2020-09-23T17:17:40.329Z", "groups": [1], "user_permissions": []}}, {"model": "auth.user", "pk": 52, "fields": {"password": "pbkdf2_sha256$216000$WD8UUL8Jdcwy$7GO+tbKS+9S7FBsfOkQGlQTMCQ8Dbmp6vUs4+0gt7nM=", "last_login": "2020-09-25T14:25:11.827Z", "is_superuser": false, "username": "d_assistant", "first_name": "dummy", "last_name": "name", "email": "", "is_staff": false, "is_active": true, "date_joined": "2020-09-24T23:39:23Z", "groups": [5], "user_permissions": []}}, {"model": "auth.user", "pk": 53, "fields": {"password": "pbkdf2_sha256$216000$2Qeq83Xp2pug$b0t6QA2kQ6ruH/Ml9iGdi/WXhG5FDSq6tazdZadR2tk=", "last_login": "2020-09-25T13:28:52.470Z", "is_superuser": false, "username": "d_receptionist", "first_name": "dummy", "last_name": "receptionist", "email": "", "is_staff": false, "is_active": true, "date_joined": "2020-09-24T23:40:25Z", "groups": [6], "user_permissions": []}}, {"model": "auth.user", "pk": 59, "fields": {"password": "pbkdf2_sha256$216000$bFqexX8Za7CS$3uHvhjOnYsOosr1Vd/F+5iuJAW13gc+qU6rO77PZn14=", "last_login": null, "is_superuser": false, "username": "v.e.rmatikkusg@gmail.com", "first_name": "s_assistant", "last_name": "", "email": "v.e.rmatikkusg@gmail.com", "is_staff": false, "is_active": false, "date_joined": "2020-09-25T00:42:05Z", "groups": [5], "user_permissions": []}}, {"model": "auth.user", "pk": 60, "fields": {"password": "pbkdf2_sha256$216000$Swsq6GnNfCi6$2WgNcaJKC1SPWwOsjBkTy9znrHpQ4skFiVFSpQ7ka7Y=", "last_login": "2020-09-25T14:48:49.809Z", "is_superuser": false, "username": "verma.tikkusg@gmail.com", "first_name": "Satya", "last_name": "Patient", "email": "verma.tikkusg@gmail.com", "is_staff": false, "is_active": true, "date_joined": "2020-09-25T14:37:42.779Z", "groups": [1], "user_permissions": []}}, {"model": "auth.user", "pk": 61, "fields": {"password": "pbkdf2_sha256$216000$UHb27tUIdaE6$j3ltfJO12HuaqgfQ59IQW/nF6qeMZb6Frcd+lAxzJw4=", "last_login": "2020-09-25T15:35:53.411Z", "is_superuser": false, "username": "s.atyaprakash@ideatebox.com", "first_name": "temp", "last_name": "assistant", "email": "s.atyaprakash@ideatebox.com", "is_staff": false, "is_active": true, "date_joined": "2020-09-25T15:35:09.559Z", "groups": [5], "user_permissions": []}}, {"model": "auth.user", "pk": 62, "fields": {"password": "pbkdf2_sha256$216000$m7HvjyInKvTi$e1L9abKXiLVhHZz1PWB7lebgkgh3OCHP29MvTMbmPC0=", "last_login": null, "is_superuser": false, "username": "satya@ideatebox.com", "first_name": "temp", "last_name": "rece", "email": "satya@ideatebox.com", "is_staff": false, "is_active": true, "date_joined": "2020-09-25T15:44:40.881Z", "groups": [6], "user_permissions": []}}, {"model": "auth.user", "pk": 63, "fields": {"password": "!AbMuiCvhXMg8ofhft31MilF9acL3WkMeKahp1N4f", "last_login": "2020-10-31T01:18:45.252Z", "is_superuser": false, "username": "vermatikkusg", "first_name": "satya", "last_name": "prakash", "email": "vermatikkusg@gmail.com", "is_staff": false, "is_active": true, "date_joined": "2020-10-31T01:18:45.194Z", "groups": [], "user_permissions": []}}, {"model": "contenttypes.contenttype", "pk": 1, "fields": {"app_label": "admin", "model": "logentry"}}, {"model": "contenttypes.contenttype", "pk": 2, "fields": {"app_label": "auth", "model": "permission"}}, {"model": "contenttypes.contenttype", "pk": 3, "fields": {"app_label": "auth", "model": "group"}}, {"model": "contenttypes.contenttype", "pk": 4, "fields": {"app_label": "auth", "model": "user"}}, {"model": "contenttypes.contenttype", "pk": 5, "fields": {"app_label": "contenttypes", "model": "contenttype"}}, {"model": "contenttypes.contenttype", "pk": 6, "fields": {"app_label": "sessions", "model": "session"}}, {"model": "contenttypes.contenttype", "pk": 7, "fields": {"app_label": "business", "model": "businessadmin"}}, {"model": "contenttypes.contenttype", "pk": 8, "fields": {"app_label": "business", "model": "businessprofile"}}, {"model": "contenttypes.contenttype", "pk": 9, "fields": {"app_label": "clinic", "model": "clinicprofile"}}, {"model": "contenttypes.contenttype", "pk": 10, "fields": {"app_label": "clinic", "model": "clinicadmin"}}, {"model": "contenttypes.contenttype", "pk": 11, "fields": {"app_label": "doctor", "model": "doctorclinicrelation"}}, {"model": "contenttypes.contenttype", "pk": 12, "fields": {"app_label": "doctor", "model": "doctoroccupation"}}, {"model": "contenttypes.contenttype", "pk": 13, "fields": {"app_label": "doctor", "model": "doctoroccupationrelation"}}, {"model": "contenttypes.contenttype", "pk": 14, "fields": {"app_label": "doctor", "model": "doctorprofile"}}, {"model": "contenttypes.contenttype", "pk": 15, "fields": {"app_label": "doctor", "model": "doctorqualification"}}, {"model": "contenttypes.contenttype", "pk": 16, "fields": {"app_label": "doctor", "model": "doctorqualificationrelation"}}, {"model": "contenttypes.contenttype", "pk": 17, "fields": {"app_label": "patient", "model": "patientprofile"}}, {"model": "contenttypes.contenttype", "pk": 18, "fields": {"app_label": "patient", "model": "patientdoctorrelation"}}, {"model": "contenttypes.contenttype", "pk": 19, "fields": {"app_label": "patient", "model": "patientclinicrelation"}}, {"model": "contenttypes.contenttype", "pk": 20, "fields": {"app_label": "clinic", "model": "medicalform"}}, {"model": "contenttypes.contenttype", "pk": 21, "fields": {"app_label": "clinic", "model": "medicalformattribute"}}, {"model": "contenttypes.contenttype", "pk": 22, "fields": {"app_label": "clinic", "model": "medicalformandattributerelation"}}, {"model": "contenttypes.contenttype", "pk": 23, "fields": {"app_label": "patient", "model": "medicalformattributefilled"}}, {"model": "contenttypes.contenttype", "pk": 24, "fields": {"app_label": "patient", "model": "medicalformauth"}}, {"model": "contenttypes.contenttype", "pk": 25, "fields": {"app_label": "assistant", "model": "assistantprofile"}}, {"model": "contenttypes.contenttype", "pk": 26, "fields": {"app_label": "receptionist", "model": "receptionistprofile"}}, {"model": "contenttypes.contenttype", "pk": 27, "fields": {"app_label": "social_django", "model": "association"}}, {"model": "contenttypes.contenttype", "pk": 28, "fields": {"app_label": "social_django", "model": "code"}}, {"model": "contenttypes.contenttype", "pk": 29, "fields": {"app_label": "social_django", "model": "nonce"}}, {"model": "contenttypes.contenttype", "pk": 30, "fields": {"app_label": "social_django", "model": "usersocialauth"}}, {"model": "contenttypes.contenttype", "pk": 31, "fields": {"app_label": "social_django", "model": "partial"}}, {"model": "sessions.session", "pk": "0htpbqxcyle02pzwh0q589oqlwvk8gul", "fields": {"session_data": ".eJxVjEEOwiAQRe_C2pAyFASX7nsGMjCDVA0kpV0Z765NutDtf-_9lwi4rSVsnZcwk7gIUOL0O0ZMD647oTvWW5Op1XWZo9wVedAup0b8vB7u30HBXr519jZZrZ2Oic85R5OMHiNkNhaiGpEMGwBHZD0kdEiOM6Izw6DAW8_i_QEh8jig:1kG2YR:-oUczstQR8iqyTVioXqjwOceH-eohKto5NJy8UmWqEs", "expire_date": "2020-09-23T16:02:39.057Z"}}, {"model": "sessions.session", "pk": "0qx0yro8jtkvq5l8q2d4dnt9eulg8eqv", "fields": {"session_data": ".eJxVjEEOwiAQRe_C2pAyFASX7nsGMjCDVA0kpV0Z765NutDtf-_9lwi4rSVsnZcwk7gIUOL0O0ZMD647oTvWW5Op1XWZo9wVedAup0b8vB7u30HBXr519jZZrZ2Oic85R5OMHiNkNhaiGpEMGwBHZD0kdEiOM6Izw6DAW8_i_QEh8jig:1kJOV1:O2uurdpiMVSmEhPglHRFU0haKXLUZmfygt-qbWsHMJM", "expire_date": "2020-10-02T22:04:59.464Z"}}, {"model": "sessions.session", "pk": "30nl8xwqwbxgntyi9e3s7l7fivtllcrz", "fields": {"session_data": ".eJxVjEEOwiAQRe_C2pAyFASX7nsGMjCDVA0kpV0Z765NutDtf-_9lwi4rSVsnZcwk7gIUOL0O0ZMD647oTvWW5Op1XWZo9wVedAup0b8vB7u30HBXr519jZZrZ2Oic85R5OMHiNkNhaiGpEMGwBHZD0kdEiOM6Izw6DAW8_i_QEh8jig:1kJppM:cwFWzANYJri-UiRMX63WQWuDRvqKNbcoYAOlVCZbV1k", "expire_date": "2020-10-04T03:15:48.646Z"}}, {"model": "sessions.session", "pk": "5lrlskayostt718no8n0nt9nfgzn6hb0", "fields": {"session_data": ".eJxVjDsOwjAQBe_iGlmJ8ZeSnjNYu14vDiBHipMKcXdiKQW0b-bNW0TY1hK3lpc4kbiIUZx-N4T0zLUDekC9zzLNdV0mlF2RB23yNlN-XQ_3L1CglZ5NxCOFgDkE41CTNi6BZ-vZD44UauSzsuCAtR3Y7MZ-CKw4G58Vi88XAY845A:1k8nFG:mM2Id0OCYLyRGVc3nX7CYTbMqEaHV8-OdEzB_TPrrKw", "expire_date": "2020-09-03T16:16:54.492Z"}}, {"model": "sessions.session", "pk": "5nksu0agmxv068v1rg9yyj8omj6f7xh4", "fields": {"session_data": ".eJxVjEEOwiAQRe_C2pAyFASX7nsGMjCDVA0kpV0Z765NutDtf-_9lwi4rSVsnZcwk7gIUOL0O0ZMD647oTvWW5Op1XWZo9wVedAup0b8vB7u30HBXr519jZZrZ2Oic85R5OMHiNkNhaiGpEMGwBHZD0kdEiOM6Izw6DAW8_i_QEh8jig:1k8h6f:Z1obI9Cq4mc_wNm73JIwA4YR3AcIgmqoA7AKnUi-GRk", "expire_date": "2020-09-03T09:43:37.123Z"}}, {"model": "sessions.session", "pk": "65atg1os0l0t865oj2nftms3nmm44i40", "fields": {"session_data": ".eJxVjDsOwjAQBe_iGlmJ8ZeSnjNYu14vDiBHipMKcXdiKQW0b-bNW0TY1hK3lpc4kbiIUZx-N4T0zLUDekC9zzLNdV0mlF2RB23yNlN-XQ_3L1CglZ5NxCOFgDkE41CTNi6BZ-vZD44UauSzsuCAtR3Y7MZ-CKw4G58Vi88XAY845A:1kc47g:_DjChkwCmiMJ5-zh32AAyj5ivNrnV8s0cHNco1LAraI", "expire_date": "2020-11-23T10:10:04.914Z"}}, {"model": "sessions.session", "pk": "ah4xdknir2t24amqy92vwvem3w8sux50", "fields": {"session_data": ".eJxVjDsOwjAQBe_iGlmJ8ZeSnjNYu14vDiBHipMKcXdiKQW0b-bNW0TY1hK3lpc4kbiIUZx-N4T0zLUDekC9zzLNdV0mlF2RB23yNlN-XQ_3L1CglZ5NxCOFgDkE41CTNi6BZ-vZD44UauSzsuCAtR3Y7MZ-CKw4G58Vi88XAY845A:1kAraL:o3Cgv2nIVceE7Z05RefsLME8FU0j9_Mo38Youwadjh4", "expire_date": "2020-09-09T09:19:13.065Z"}}, {"model": "sessions.session", "pk": "avipe63t40wi0r1qaiiyh9ndetcmycbn", "fields": {"session_data": ".eJxVjDsOwjAQBe_iGlmJ8ZeSnjNYu14vDiBHipMKcXdiKQW0b-bNW0TY1hK3lpc4kbiIUZx-N4T0zLUDekC9zzLNdV0mlF2RB23yNlN-XQ_3L1CglZ5NxCOFgDkE41CTNi6BZ-vZD44UauSzsuCAtR3Y7MZ-CKw4G58Vi88XAY845A:1kAU8i:Twp-3fogw4ttsAXrkKtjGZdZ0YzBkD38rQd3piibEeE", "expire_date": "2020-09-08T08:17:08.802Z"}}, {"model": "sessions.session", "pk": "c3liler8c5tznqu79m8zucknnxggk30r", "fields": {"session_data": ".eJxVjDsOwjAQBe_iGlmJ8ZeSnjNYu14vDiBHipMKcXdiKQW0b-bNW0TY1hK3lpc4kbiIUZx-N4T0zLUDekC9zzLNdV0mlF2RB23yNlN-XQ_3L1CglZ5NxCOFgDkE41CTNi6BZ-vZD44UauSzsuCAtR3Y7MZ-CKw4G58Vi88XAY845A:1kLnlc:sXUgmtOzHdKuZrufB1etpitVbDdgs6n8vUEuHgsub7A", "expire_date": "2020-10-09T13:28:04.168Z"}}, {"model": "sessions.session", "pk": "d9lckhaorua3o5sbyovrjzxfcbjbps49", "fields": {"session_data": ".eJxVjDsOwjAQBe_iGlmJ8ZeSnjNYu14vDiBHipMKcXdiKQW0b-bNW0TY1hK3lpc4kbiIUZx-N4T0zLUDekC9zzLNdV0mlF2RB23yNlN-XQ_3L1CglZ5NxCOFgDkE41CTNi6BZ-vZD44UauSzsuCAtR3Y7MZ-CKw4G58Vi88XAY845A:1kDgcn:xN8pUQX8eJd1x590wUm4VTL7pqY5pzhyiAj0m8iI0aQ", "expire_date": "2020-09-17T04:13:25.313Z"}}, {"model": "sessions.session", "pk": "ol1799eu0u2l8mt7uxxbak84z6liuz7f", "fields": {"session_data": ".eJxVjEEOwiAQRe_C2pAyFASX7nsGMjCDVA0kpV0Z765NutDtf-_9lwi4rSVsnZcwk7gIUOL0O0ZMD647oTvWW5Op1XWZo9wVedAup0b8vB7u30HBXr519jZZrZ2Oic85R5OMHiNkNhaiGpEMGwBHZD0kdEiOM6Izw6DAW8_i_QEh8jig:1kLpge:yerp3TnBhj_lxfnTmQ9RRYFBOgn1OSaMoqOGENLie7E", "expire_date": "2020-10-09T15:31:04.173Z"}}, {"model": "sessions.session", "pk": "pdsqfog8upvn8kapkfgyd3vgv35ipsdv", "fields": {"session_data": ".eJxVjEEOwiAQRe_C2pAyFASX7nsGMjCDVA0kpV0Z765NutDtf-_9lwi4rSVsnZcwk7gIUOL0O0ZMD647oTvWW5Op1XWZo9wVedAup0b8vB7u30HBXr519jZZrZ2Oic85R5OMHiNkNhaiGpEMGwBHZD0kdEiOM6Izw6DAW8_i_QEh8jig:1k8aMs:5LO18n2j49F_e3w50dUuA0B77QXn95Qn57zYGHTON74", "expire_date": "2020-09-03T02:31:54.103Z"}}, {"model": "sessions.session", "pk": "r0ppty4b88anbwwyg87j5bc15xeh73zg", "fields": {"session_data": ".eJxVjDsOwjAQBe_iGlmJ8ZeSnjNYu14vDiBHipMKcXdiKQW0b-bNW0TY1hK3lpc4kbiIUZx-N4T0zLUDekC9zzLNdV0mlF2RB23yNlN-XQ_3L1CglZ5NxCOFgDkE41CTNi6BZ-vZD44UauSzsuCAtR3Y7MZ-CKw4G58Vi88XAY845A:1k67HP:iRX3LRdIECvpCV_limgFN781xeL8GgDfkfg42H0w1RQ", "expire_date": "2020-08-27T07:04:03.682Z"}}, {"model": "sessions.session", "pk": "sij7nthunf2wjtahz44bty8uqga7l2b8", "fields": {"session_data": ".eJxVjDsOwjAQBe_iGlmJ8ZeSnjNYu14vDiBHipMKcXdiKQW0b-bNW0TY1hK3lpc4kbiIUZx-N4T0zLUDekC9zzLNdV0mlF2RB23yNlN-XQ_3L1CglZ5NxCOFgDkE41CTNi6BZ-vZD44UauSzsuCAtR3Y7MZ-CKw4G58Vi88XAY845A:1k8xLG:Xoospf_2PiV0cfjlwA9_WtMSQqtuVe01B8LL9uyxFT0", "expire_date": "2020-09-04T03:03:46.243Z"}}, {"model": "sessions.session", "pk": "tbo2sm7jgcav3t3ae963jdmor044hy7q", "fields": {"session_data": ".eJxVjEEOwiAQRe_C2pAyFASX7nsGMjCDVA0kpV0Z765NutDtf-_9lwi4rSVsnZcwk7gIUOL0O0ZMD647oTvWW5Op1XWZo9wVedAup0b8vB7u30HBXr519jZZrZ2Oic85R5OMHiNkNhaiGpEMGwBHZD0kdEiOM6Izw6DAW8_i_QEh8jig:1kLlaK:vJhtQHi56hfTCpGWcVUspJ-ymxsi3DEcVI4Lu1ix3n0", "expire_date": "2020-10-09T11:08:16.761Z"}}, {"model": "sessions.session", "pk": "wbl2grcoryptoypsovdebsjye86k0yqg", "fields": {"session_data": ".eJxVjEEOwiAQRe_C2pAyFASX7nsGMjCDVA0kpV0Z765NutDtf-_9lwi4rSVsnZcwk7gIUOL0O0ZMD647oTvWW5Op1XWZo9wVedAup0b8vB7u30HBXr519jZZrZ2Oic85R5OMHiNkNhaiGpEMGwBHZD0kdEiOM6Izw6DAW8_i_QEh8jig:1ktpX7:isPyrhWvdRgj1kZU1mSKL5S0EgAu341-2LKhoEcHw-0", "expire_date": "2021-01-11T10:13:45.863Z"}}, {"model": "sessions.session", "pk": "yg0v8yc9spc414sadpb8yc2r6ga3smu1", "fields": {"session_data": ".eJxVjDEOwjAMRe-SGUWKk7gxIztnqJLaJgXUSk07VdwdVeoA63_v_d30eVtrvzVZ-pHN1Thz-d1KHl4yHYCfeXrMdpindRmLPRR70mbvM8v7drp_BzW3etQaBCCUiADEOHiffAHy2An5jskxE0anMSSPKYFGR4oStAAKqZrPF8RDN0Y:1ktpTG:PuV_r_MqFScpWOQclXU2Qm7Mp1EP9YI69k5033vVzt4", "expire_date": "2021-01-11T10:09:46.894Z"}}, {"model": "sessions.session", "pk": "yy2v7nq5w557ad2l7xjvb4bfiq039bb7", "fields": {"session_data": ".eJxVjEEOwiAQRe_C2pAyFASX7nsGMjCDVA0kpV0Z765NutDtf-_9lwi4rSVsnZcwk7gIUOL0O0ZMD647oTvWW5Op1XWZo9wVedAup0b8vB7u30HBXr519jZZrZ2Oic85R5OMHiNkNhaiGpEMGwBHZD0kdEiOM6Izw6DAW8_i_QEh8jig:1kL3bL:_rDCvmy77uReqo2WkX8VMDScdjnw5fPJ0hq78IukTpU", "expire_date": "2020-10-07T12:10:23.545Z"}}, {"model": "business.businessadmin", "pk": 3, "fields": {"user": 49, "phone": "4036070976", "active": "Y", "date_created": "2020-09-23T16:45:38.997Z"}}, {"model": "business.businessprofile", "pk": 2, "fields": {"busness_admin": 3, "name": "Dental", "description": "About Medical Clinic", "active": "Y", "date_created": "2020-09-23T16:46:13.372Z"}}, {"model": "clinic.clinicprofile", "pk": 2, "fields": {"name": "Expressions Dental", "addresses": "Ca", "clinic_description": "this is clinic description", "active": "Y", "date_created": "2020-09-23T16:47:07.753Z", "business": 2}}, {"model": "clinic.clinicadmin", "pk": 2, "fields": {"clinic": 2, "user": 21, "profile_pic": "user_default_pic.png", "phone": "4036070976", "active": "Y", "date_created": "2020-09-23T16:49:03.217Z"}}, {"model": "clinic.medicalform", "pk": 4, "fields": {"form_name": "Medical History", "form_path": "medical-form.html", "active": "Y", "date_created": "2020-09-23T16:53:28.569Z", "clinic": 2}}, {"model": "clinic.medicalform", "pk": 5, "fields": {"form_name": "Botox Form", "form_path": "botox-form.html", "active": "Y", "date_created": "2020-09-23T16:54:34.255Z", "clinic": 2}}, {"model": "clinic.medicalform", "pk": 6, "fields": {"form_name": "Insurance Form", "form_path": "insurance-form.html", "active": "Y", "date_created": "2020-09-23T16:54:57.320Z", "clinic": 2}}, {"model": "assistant.assistantprofile", "pk": 1, "fields": {"user": 52, "clinic_profile": 2, "profile_pic": "user_default_pic.png", "joining_date": "2020-09-01", "phone": "9525950123", "white_list_ip": "['127.0.0.2']", "active": "Y", "date_created": "2020-09-24T23:41:10.292Z"}}, {"model": "assistant.assistantprofile", "pk": 3, "fields": {"user": 59, "clinic_profile": 2, "profile_pic": "user_default_pic.png", "joining_date": "2020-09-25", "phone": "9525950123", "white_list_ip": "*", "active": "Y", "date_created": "2020-09-25T00:42:05.882Z"}}, {"model": "assistant.assistantprofile", "pk": 4, "fields": {"user": 61, "clinic_profile": 2, "profile_pic": "user_default_pic.png", "joining_date": "2020-09-25", "phone": "9525950123", "white_list_ip": "['localhost']", "active": "Y", "date_created": "2020-09-25T15:35:09.712Z"}}, {"model": "receptionist.receptionistprofile", "pk": 1, "fields": {"user": 53, "clinic_profile": 2, "profile_pic": "user_default_pic.png", "joining_date": "2020-09-02", "phone": "9525950123", "white_list_ip": "['127.0.0.1', 'localhost', '192.168.106.133']", "active": "Y", "date_created": "2020-09-24T23:41:34.837Z"}}, {"model": "receptionist.receptionistprofile", "pk": 2, "fields": {"user": 62, "clinic_profile": 2, "profile_pic": "user_default_pic.png", "joining_date": "2020-09-25", "phone": "9525950123", "white_list_ip": "*", "active": "Y", "date_created": "2020-09-25T15:44:41.041Z"}}, {"model": "doctor.doctorprofile", "pk": 8, "fields": {"user": 45, "profile_pic": "user_default_pic.png", "practice_start_date": null, "description": "doc about", "phone": null, "is_email_validated": "N", "active": "Y", "date_created": "2020-09-23T12:11:55.826Z"}}, {"model": "doctor.doctorprofile", "pk": 9, "fields": {"user": 46, "profile_pic": "user_default_pic.png", "practice_start_date": null, "description": null, "phone": null, "is_email_validated": "N", "active": "Y", "date_created": "2020-09-23T13:42:38.170Z"}}, {"model": "doctor.doctorprofile", "pk": 10, "fields": {"user": 47, "profile_pic": "user_default_pic.png", "practice_start_date": null, "description": "Doctor Description", "phone": null, "is_email_validated": "N", "active": "Y", "date_created": "2020-09-23T13:43:32.486Z"}}, {"model": "patient.patientprofile", "pk": 26, "fields": {"user": 42, "profile_pic": "user_default_pic.png", "dob": "1995-02-01", "address": null, "postalcode": null, "phone": null, "home_contact": null, "work_contact": null, "is_email_validated": "N", "active": "Y", "date_created": "2020-09-04T01:30:22.032Z"}}, {"model": "patient.patientprofile", "pk": 29, "fields": {"user": 48, "profile_pic": "user_default_pic.png", "dob": "1999-03-23", "address": null, "postalcode": null, "phone": "9525950122", "home_contact": null, "work_contact": null, "is_email_validated": "N", "active": "Y", "date_created": "2020-09-23T16:31:00.000Z"}}, {"model": "patient.patientprofile", "pk": 30, "fields": {"user": 50, "profile_pic": "user_default_pic.png", "dob": "1989-01-01", "address": null, "postalcode": null, "phone": "4036070976", "home_contact": null, "work_contact": null, "is_email_validated": "N", "active": "Y", "date_created": "2020-09-23T16:59:18.129Z"}}, {"model": "patient.patientprofile", "pk": 31, "fields": {"user": 51, "profile_pic": "user_default_pic.png", "dob": "1995-01-01", "address": null, "postalcode": null, "phone": "9525950009", "home_contact": null, "work_contact": null, "is_email_validated": "N", "active": "Y", "date_created": "2020-09-23T17:17:40.483Z"}}, {"model": "patient.patientprofile", "pk": 32, "fields": {"user": 60, "profile_pic": "user_default_pic.png", "dob": "1995-01-01", "address": "Toronto", "postalcode": "M4B 1B3", "phone": "6045555555", "home_contact": "", "work_contact": "", "is_email_validated": "Y", "active": "Y", "date_created": "2020-09-25T14:37:42.948Z"}}, {"model": "patient.patientclinicrelation", "pk": 10, "fields": {"patient_profile": 30, "clinic_profile": 2, "visit_date": null}}, {"model": "patient.patientclinicrelation", "pk": 11, "fields": {"patient_profile": 31, "clinic_profile": 2, "visit_date": null}}, {"model": "patient.patientclinicrelation", "pk": 12, "fields": {"patient_profile": 32, "clinic_profile": 2, "visit_date": null}}, {"model": "social_django.usersocialauth", "pk": 1, "fields": {"user": 63, "provider": "google-oauth2", "uid": "vermatikkusg@gmail.com", "extra_data": "{\"auth_time\": 1604107125, \"expires\": 3599, \"token_type\": \"Bearer\", \"access_token\": \"ya29.A0AfH6SMCsJoTBD8QWX3tdvx52c3XuYr_fOkmmsiSz2xS17GzYY1noF2wiLGjQpoRD187hRUrnx4OsnuAacozrJFH-pmMuzKclM3qoFcrMASChKHsxZUNueGjI-4cEFz5WT0BMIz0H3lfJskDXrzUYIJe8LWryKztwRI7OOk8GbKc\"}", "created": "2020-10-31T01:18:45.207Z", "modified": "2020-10-31T01:18:45.217Z"}}]